id;username;email;dob;about
1;USB transmitting;Kianna36@hotmail.com;2021-08-23T23:12:42;Somoni Sleek magenta
2;e-services;Charley_Spinka28@yahoo.com;2021-08-24T09:42:50;Group
3;Assistant Lucia;Torey_Mayert82@yahoo.com;2021-08-23T18:53:25;navigate partnerships
4;secondary architectures Accounts;Fred46@hotmail.com;2021-08-24T03:41:55;integrate parsing
5;Frozen copy;Beverly53@yahoo.com;2021-08-24T08:03:32;streamline withdrawal
6;Senior connect;Leola_Stokes22@gmail.com;2021-08-23T23:25:19;District
7;Fantastic web-enabled Home;Ronny98@hotmail.com;2021-08-23T22:05:20;payment Concrete
8;supply-chains mission-critical;Lonnie56@hotmail.com;2021-08-24T04:53:12;e-services
9;Plastic Coordinator;Jamil_Little@gmail.com;2021-08-24T03:21:06;digital efficient front-end
10;Implementation solid;Jorge_Metz@gmail.com;2021-08-23T15:41:06;Assistant Avon
